{
  "accuracy": 0.892,
  "f1": 0.926829268292683,
  "brier": 0.08037277706597558,
  "roc_auc": 0.9494990303813833,
  "ece": 0.18475257290841693,
  "labels": [
    "reject",
    "approve"
  ],
  "calibration_method": "sigmoid"
}